{
    "uid": "9e493e3b-5e8a-4c9a-b97c-170ae41a36c5",
    "name": "5_Default_NeuralNetwork",
    "preprocessing": [
        {
            "categorical": [
                {
                    "convert_method": "categorical_to_int",
                    "convert_params": {
                        "Sex": {
                            "F": 0,
                            "M": 1
                        },
                        "ChestPainType": {
                            "ASY": 0,
                            "ATA": 1,
                            "NAP": 2,
                            "TA": 3
                        },
                        "RestingECG": {
                            "LVH": 0,
                            "Normal": 1,
                            "ST": 2
                        },
                        "ExerciseAngina": {
                            "N": 0,
                            "Y": 1
                        },
                        "ST_Slope": {
                            "Down": 0,
                            "Flat": 1,
                            "Up": 2
                        }
                    },
                    "columns": [
                        "Sex",
                        "ChestPainType",
                        "RestingECG",
                        "ExerciseAngina",
                        "ST_Slope"
                    ]
                }
            ],
            "scale": [
                {
                    "scale": [
                        9.359265685828886,
                        0.4109029880019679,
                        0.9609207190567812,
                        108.69875628871205,
                        25.32668233213635,
                        18.95559246952574,
                        0.6367921498871694,
                        0.4898385202900834,
                        1.0354657691652747,
                        0.6110445063361869
                    ],
                    "mean": [
                        53.241279069767444,
                        0.7848837209302325,
                        0.7921511627906976,
                        198.88372093023256,
                        136.78197674418604,
                        132.32267441860466,
                        0.9956395348837209,
                        0.3997093023255814,
                        0.8726744186046511,
                        1.3619186046511629
                    ],
                    "var": [
                        87.59585417793403,
                        0.16884126554894535,
                        0.9233686283126015,
                        11815.419618712818,
                        641.4408379529475,
                        359.31448587074095,
                        0.40550424215792313,
                        0.23994177595997845,
                        1.072189359113034,
                        0.37337538872363435
                    ],
                    "n_samples_seen": 688,
                    "n_features_in": 10,
                    "columns": [
                        "Age",
                        "Sex",
                        "ChestPainType",
                        "Cholesterol",
                        "MaxHR",
                        "RestingBP",
                        "RestingECG",
                        "ExerciseAngina",
                        "Oldpeak",
                        "ST_Slope"
                    ],
                    "scale_method": "scale_normal"
                }
            ],
            "ml_task": "binary_classification",
            "params": {
                "columns_preprocessing": {
                    "Age": [
                        "scale_normal"
                    ],
                    "Sex": [
                        "categorical_to_int",
                        "scale_normal"
                    ],
                    "ChestPainType": [
                        "categorical_to_int",
                        "scale_normal"
                    ],
                    "Cholesterol": [
                        "scale_normal"
                    ],
                    "MaxHR": [
                        "scale_normal"
                    ],
                    "RestingBP": [
                        "scale_normal"
                    ],
                    "RestingECG": [
                        "categorical_to_int",
                        "scale_normal"
                    ],
                    "ExerciseAngina": [
                        "categorical_to_int",
                        "scale_normal"
                    ],
                    "Oldpeak": [
                        "scale_normal"
                    ],
                    "ST_Slope": [
                        "categorical_to_int",
                        "scale_normal"
                    ]
                },
                "target_preprocessing": [
                    "na_exclude"
                ],
                "ml_task": "binary_classification"
            }
        }
    ],
    "learners": [
        {
            "library_version": "1.0.2",
            "algorithm_name": "Neural Network",
            "algorithm_short_name": "Neural Network",
            "uid": "a1f9ec42-9016-4b0c-994d-ad209fbd7578",
            "params": {
                "model_type": "Neural Network",
                "ml_task": "binary_classification",
                "n_jobs": -1,
                "dense_1_size": 32,
                "dense_2_size": 16,
                "learning_rate": 0.05,
                "seed": 5,
                "explain_level": 2
            },
            "name": "learner_fold_0"
        }
    ],
    "params": {
        "additional": {
            "max_rows_limit": null,
            "max_cols_limit": null
        },
        "preprocessing": {
            "columns_preprocessing": {
                "Age": [
                    "scale_normal"
                ],
                "Sex": [
                    "categorical_to_int",
                    "scale_normal"
                ],
                "ChestPainType": [
                    "categorical_to_int",
                    "scale_normal"
                ],
                "Cholesterol": [
                    "scale_normal"
                ],
                "MaxHR": [
                    "scale_normal"
                ],
                "RestingBP": [
                    "scale_normal"
                ],
                "RestingECG": [
                    "categorical_to_int",
                    "scale_normal"
                ],
                "ExerciseAngina": [
                    "categorical_to_int",
                    "scale_normal"
                ],
                "Oldpeak": [
                    "scale_normal"
                ],
                "ST_Slope": [
                    "categorical_to_int",
                    "scale_normal"
                ]
            },
            "target_preprocessing": [
                "na_exclude"
            ],
            "ml_task": "binary_classification"
        },
        "validation_strategy": {
            "validation_type": "split",
            "train_ratio": 0.75,
            "shuffle": true,
            "stratify": true,
            "X_path": "AutoML_heart_classifier_result\\X.data",
            "y_path": "AutoML_heart_classifier_result\\y.data",
            "results_path": "AutoML_heart_classifier_result"
        },
        "learner": {
            "model_type": "Neural Network",
            "ml_task": "binary_classification",
            "n_jobs": -1,
            "dense_1_size": 32,
            "dense_2_size": 16,
            "learning_rate": 0.05,
            "seed": 5,
            "explain_level": 2
        },
        "automl_random_state": 1234,
        "ml_task": "binary_classification",
        "explain_level": 2,
        "name": "5_Default_NeuralNetwork",
        "status": "initialized",
        "final_loss": null,
        "train_time": null,
        "data_type": "original",